Estudiante;Materia 1;Materia 2;Materia 3;Materia 4;Materia 5
Estudiante 1;1,0;4,0;5,0;1,0;3,0
Estudiante 2;3,0;4,0;3,0;5,0;4,0
Estudiante 3;5,0;1,0;1,0;5,0;2,0
Estudiante 4;3,0;1,0;2,0;0,0;4,0
Estudiante 5;2,0;5,0;3,0;2,0;1,0
Estudiante 6;4,0;4,0;3,0;5,0;5,0
Estudiante 7;1,0;3,0;1,0;5,0;2,0
Estudiante 8;1,0;5,0;2,0;3,0;1,0
Estudiante 9;2,0;3,0;3,0;4,0;2,0
Estudiante 10;5,0;2,0;5,0;1,0;4,0
Estudiante 11;0,0;5,0;0,0;2,0;0,0
Estudiante 12;0,0;1,0;0,0;5,0;0,0
Estudiante 13;0,0;2,0;4,0;1,0;3,0
Estudiante 14;4,0;4,0;4,0;0,0;3,0
Estudiante 15;4,0;2,0;0,0;0,0;1,0
Estudiante 16;2,0;2,0;2,0;3,0;1,0
Estudiante 17;3,0;0,0;4,0;5,0;3,0
Estudiante 18;0,0;0,0;5,0;1,0;2,0
Estudiante 19;1,0;5,0;5,0;0,0;3,0
Estudiante 20;0,0;4,0;5,0;2,0;5,0
Estudiante 21;2,0;0,0;5,0;4,0;0,0
Estudiante 22;2,0;1,0;1,0;1,0;1,0
Estudiante 23;4,0;2,0;0,0;5,0;3,0
Estudiante 24;1,0;4,0;1,0;2,0;4,0
Estudiante 25;3,0;0,0;3,0;5,0;3,0
Estudiante 26;0,0;0,0;1,0;1,0;0,0
Estudiante 27;3,0;3,0;2,0;5,0;5,0
Estudiante 28;5,0;1,0;2,0;2,0;3,0
Estudiante 29;5,0;2,0;2,0;1,0;4,0
Estudiante 30;5,0;5,0;3,0;2,0;3,0
Estudiante 31;1,0;0,0;4,0;1,0;5,0
Estudiante 32;5,0;2,0;5,0;0,0;1,0
Estudiante 33;0,0;0,0;2,0;3,0;4,0
Estudiante 34;5,0;2,0;2,0;5,0;5,0
Estudiante 35;5,0;2,0;0,0;0,0;0,0
Estudiante 36;5,0;3,0;0,0;1,0;2,0
Estudiante 37;0,0;5,0;0,0;3,0;0,0
Estudiante 38;2,0;4,0;5,0;2,0;5,0
Estudiante 39;3,0;3,0;4,0;3,0;5,0
Estudiante 40;4,0;1,0;0,0;4,0;1,0
Estudiante 41;0,0;4,0;4,0;0,0;0,0
Estudiante 42;4,0;0,0;3,0;2,0;4,0
Estudiante 43;0,0;5,0;3,0;0,0;3,0
Estudiante 44;2,0;5,0;1,0;2,0;3,0
Estudiante 45;2,0;3,0;3,0;3,0;4,0
Estudiante 46;5,0;1,0;1,0;2,0;1,0
Estudiante 47;0,0;1,0;0,0;3,0;1,0
Estudiante 48;2,0;2,0;0,0;3,0;3,0
Estudiante 49;0,0;0,0;4,0;5,0;5,0
Estudiante 50;4,0;2,0;4,0;3,0;2,0
Estudiante 51;4,0;4,0;1,0;4,0;3,0
Estudiante 52;5,0;4,0;1,0;5,0;4,0
Estudiante 53;5,0;0,0;3,0;3,0;0,0
Estudiante 54;3,0;3,0;5,0;0,0;4,0
Estudiante 55;1,0;4,0;2,0;0,0;3,0
Estudiante 56;0,0;2,0;2,0;5,0;2,0
Estudiante 57;3,0;3,0;5,0;5,0;4,0
Estudiante 58;0,0;0,0;4,0;0,0;1,0
Estudiante 59;1,0;3,0;3,0;4,0;4,0
Estudiante 60;4,0;1,0;4,0;3,0;2,0
Estudiante 61;5,0;2,0;0,0;2,0;1,0
Estudiante 62;1,0;4,0;0,0;1,0;1,0
Estudiante 63;4,0;3,0;5,0;1,0;3,0
Estudiante 64;5,0;3,0;2,0;1,0;5,0
Estudiante 65;3,0;0,0;1,0;0,0;5,0
Estudiante 66;5,0;0,0;5,0;0,0;2,0
Estudiante 67;2,0;0,0;0,0;5,0;5,0
Estudiante 68;1,0;5,0;0,0;4,0;2,0
Estudiante 69;1,0;3,0;1,0;1,0;3,0
Estudiante 70;1,0;1,0;0,0;4,0;0,0
Estudiante 71;2,0;3,0;3,0;2,0;0,0
Estudiante 72;1,0;4,0;3,0;0,0;0,0
Estudiante 73;4,0;2,0;5,0;0,0;5,0
Estudiante 74;3,0;5,0;4,0;1,0;5,0
Estudiante 75;4,0;1,0;5,0;2,0;1,0
Estudiante 76;3,0;3,0;3,0;4,0;5,0
Estudiante 77;1,0;0,0;5,0;4,0;2,0
Estudiante 78;3,0;3,0;4,0;4,0;5,0
Estudiante 79;2,0;3,0;2,0;4,0;5,0
Estudiante 80;1,0;5,0;1,0;0,0;5,0
Estudiante 81;4,0;0,0;5,0;1,0;4,0
Estudiante 82;5,0;1,0;3,0;3,0;4,0
Estudiante 83;2,0;2,0;4,0;5,0;5,0
Estudiante 84;1,0;1,0;1,0;3,0;3,0
Estudiante 85;1,0;1,0;1,0;0,0;5,0
Estudiante 86;4,0;4,0;0,0;1,0;4,0
Estudiante 87;0,0;0,0;3,0;3,0;5,0
Estudiante 88;2,0;0,0;0,0;3,0;5,0
Estudiante 89;5,0;1,0;5,0;0,0;1,0
Estudiante 90;1,0;1,0;4,0;4,0;3,0
Estudiante 91;5,0;4,0;1,0;0,0;4,0
Estudiante 92;1,0;4,0;3,0;1,0;0,0
Estudiante 93;3,0;1,0;3,0;0,0;2,0
Estudiante 94;4,0;3,0;3,0;5,0;2,0
Estudiante 95;3,0;3,0;4,0;0,0;2,0
Estudiante 96;0,0;0,0;0,0;3,0;4,0
Estudiante 97;4,0;3,0;0,0;0,0;1,0
Estudiante 98;2,0;0,0;2,0;0,0;0,0
Estudiante 99;3,0;3,0;3,0;3,0;4,0
Estudiante 100;0,0;0,0;5,0;2,0;1,0
Estudiante 101;5,0;2,0;4,0;0,0;1,0
Estudiante 102;4,0;5,0;5,0;5,0;1,0
Estudiante 103;4,0;1,0;2,0;0,0;5,0
Estudiante 104;4,0;1,0;0,0;0,0;1,0
Estudiante 105;0,0;2,0;5,0;1,0;5,0
Estudiante 106;3,0;2,0;4,0;4,0;4,0
Estudiante 107;4,0;0,0;0,0;2,0;5,0
Estudiante 108;2,0;2,0;3,0;0,0;4,0
Estudiante 109;0,0;3,0;5,0;4,0;5,0
Estudiante 110;3,0;5,0;1,0;4,0;4,0
Estudiante 111;1,0;1,0;1,0;3,0;0,0
Estudiante 112;2,0;2,0;3,0;2,0;4,0
Estudiante 113;2,0;2,0;4,0;0,0;3,0
Estudiante 114;5,0;4,0;2,0;1,0;1,0
Estudiante 115;1,0;0,0;4,0;0,0;1,0
Estudiante 116;3,0;1,0;1,0;1,0;1,0
Estudiante 117;3,0;1,0;0,0;2,0;0,0
Estudiante 118;0,0;1,0;0,0;3,0;3,0
Estudiante 119;1,0;4,0;0,0;4,0;2,0
Estudiante 120;5,0;0,0;4,0;5,0;0,0
Estudiante 121;3,0;3,0;3,0;3,0;4,0
Estudiante 122;3,0;0,0;1,0;5,0;5,0
Estudiante 123;0,0;5,0;5,0;0,0;0,0
Estudiante 124;4,0;3,0;5,0;1,0;0,0
Estudiante 125;0,0;3,0;1,0;5,0;2,0
Estudiante 126;3,0;3,0;0,0;4,0;2,0
Estudiante 127;0,0;3,0;4,0;5,0;5,0
Estudiante 128;0,0;1,0;1,0;0,0;4,0
Estudiante 129;3,0;5,0;2,0;3,0;5,0
Estudiante 130;3,0;0,0;2,0;4,0;5,0
Estudiante 131;1,0;2,0;3,0;5,0;0,0
Estudiante 132;2,0;5,0;0,0;3,0;4,0
Estudiante 133;4,0;5,0;3,0;5,0;0,0
Estudiante 134;5,0;0,0;2,0;0,0;0,0
Estudiante 135;5,0;2,0;2,0;1,0;5,0
Estudiante 136;2,0;3,0;3,0;5,0;3,0
Estudiante 137;2,0;2,0;0,0;4,0;2,0
Estudiante 138;4,0;4,0;3,0;0,0;4,0
Estudiante 139;5,0;0,0;0,0;5,0;1,0
Estudiante 140;5,0;1,0;5,0;2,0;2,0
Estudiante 141;3,0;5,0;1,0;5,0;3,0
Estudiante 142;4,0;5,0;5,0;3,0;3,0
Estudiante 143;3,0;3,0;1,0;5,0;2,0
Estudiante 144;4,0;1,0;5,0;1,0;0,0
Estudiante 145;2,0;3,0;2,0;1,0;5,0
Estudiante 146;2,0;1,0;5,0;2,0;4,0
Estudiante 147;3,0;5,0;2,0;0,0;3,0
Estudiante 148;2,0;0,0;1,0;4,0;2,0
Estudiante 149;1,0;4,0;3,0;5,0;1,0
Estudiante 150;5,0;1,0;4,0;3,0;0,0
Estudiante 151;4,0;1,0;0,0;3,0;3,0
Estudiante 152;4,0;4,0;4,0;5,0;5,0
Estudiante 153;2,0;2,0;3,0;3,0;2,0
Estudiante 154;3,0;2,0;3,0;3,0;0,0
Estudiante 155;4,0;1,0;2,0;2,0;5,0
Estudiante 156;4,0;0,0;0,0;0,0;1,0
Estudiante 157;2,0;3,0;0,0;5,0;3,0
Estudiante 158;2,0;3,0;3,0;3,0;4,0
Estudiante 159;1,0;0,0;3,0;2,0;5,0
Estudiante 160;0,0;4,0;2,0;5,0;2,0
Estudiante 161;4,0;1,0;2,0;5,0;4,0
Estudiante 162;4,0;0,0;0,0;2,0;0,0
Estudiante 163;0,0;4,0;1,0;4,0;1,0
Estudiante 164;5,0;1,0;5,0;3,0;5,0
Estudiante 165;0,0;2,0;0,0;3,0;1,0
Estudiante 166;3,0;2,0;3,0;1,0;0,0
Estudiante 167;4,0;0,0;5,0;5,0;1,0
Estudiante 168;5,0;1,0;5,0;2,0;0,0
Estudiante 169;1,0;5,0;5,0;1,0;0,0
Estudiante 170;5,0;0,0;3,0;0,0;1,0
Estudiante 171;0,0;1,0;1,0;5,0;2,0
Estudiante 172;1,0;5,0;1,0;0,0;1,0
Estudiante 173;0,0;0,0;0,0;3,0;1,0
Estudiante 174;2,0;3,0;1,0;0,0;3,0
Estudiante 175;2,0;3,0;3,0;5,0;0,0
Estudiante 176;1,0;5,0;5,0;2,0;4,0
Estudiante 177;1,0;1,0;3,0;4,0;3,0
Estudiante 178;3,0;1,0;3,0;5,0;3,0
Estudiante 179;2,0;1,0;0,0;0,0;4,0
Estudiante 180;1,0;1,0;3,0;3,0;5,0
Estudiante 181;0,0;2,0;2,0;1,0;4,0
Estudiante 182;1,0;0,0;4,0;0,0;5,0
Estudiante 183;1,0;2,0;2,0;3,0;3,0
Estudiante 184;2,0;3,0;3,0;5,0;4,0
Estudiante 185;4,0;0,0;1,0;2,0;1,0
Estudiante 186;5,0;2,0;0,0;3,0;3,0
Estudiante 187;1,0;0,0;1,0;0,0;0,0
Estudiante 188;2,0;5,0;4,0;2,0;2,0
Estudiante 189;4,0;2,0;4,0;0,0;1,0
Estudiante 190;5,0;0,0;4,0;2,0;2,0
Estudiante 191;1,0;1,0;5,0;4,0;0,0
Estudiante 192;4,0;3,0;1,0;0,0;5,0
Estudiante 193;1,0;1,0;1,0;0,0;1,0
Estudiante 194;0,0;3,0;1,0;3,0;3,0
Estudiante 195;0,0;1,0;0,0;3,0;0,0
Estudiante 196;2,0;2,0;1,0;3,0;3,0
Estudiante 197;5,0;4,0;0,0;1,0;4,0
Estudiante 198;3,0;1,0;3,0;4,0;0,0
Estudiante 199;4,0;5,0;4,0;0,0;4,0
Estudiante 200;0,0;3,0;5,0;0,0;3,0
Estudiante 201;1,0;0,0;4,0;5,0;4,0
Estudiante 202;0,0;0,0;2,0;0,0;1,0
Estudiante 203;2,0;1,0;3,0;1,0;1,0
Estudiante 204;4,0;5,0;1,0;2,0;3,0
Estudiante 205;1,0;1,0;4,0;1,0;5,0
Estudiante 206;2,0;5,0;2,0;0,0;4,0
Estudiante 207;1,0;3,0;0,0;2,0;1,0
Estudiante 208;5,0;1,0;0,0;1,0;1,0
Estudiante 209;1,0;5,0;3,0;1,0;2,0
Estudiante 210;4,0;2,0;5,0;0,0;1,0
Estudiante 211;3,0;0,0;5,0;4,0;4,0
Estudiante 212;1,0;2,0;5,0;5,0;5,0
Estudiante 213;2,0;2,0;4,0;3,0;0,0
Estudiante 214;4,0;2,0;0,0;1,0;5,0
Estudiante 215;3,0;0,0;4,0;5,0;3,0
Estudiante 216;3,0;5,0;4,0;1,0;4,0
Estudiante 217;0,0;4,0;5,0;3,0;4,0
Estudiante 218;0,0;1,0;0,0;0,0;0,0
Estudiante 219;5,0;3,0;0,0;2,0;0,0
Estudiante 220;0,0;2,0;2,0;2,0;2,0
Estudiante 221;1,0;5,0;0,0;0,0;1,0
Estudiante 222;5,0;4,0;4,0;2,0;3,0
Estudiante 223;3,0;4,0;5,0;5,0;0,0
Estudiante 224;2,0;2,0;0,0;0,0;5,0
Estudiante 225;0,0;4,0;1,0;4,0;2,0
Estudiante 226;1,0;1,0;0,0;5,0;0,0
Estudiante 227;0,0;2,0;3,0;2,0;0,0
Estudiante 228;1,0;0,0;0,0;4,0;2,0
Estudiante 229;5,0;1,0;3,0;0,0;0,0
Estudiante 230;1,0;4,0;1,0;2,0;5,0
Estudiante 231;5,0;5,0;5,0;5,0;0,0
Estudiante 232;3,0;5,0;4,0;3,0;5,0
Estudiante 233;3,0;0,0;3,0;1,0;3,0
Estudiante 234;2,0;4,0;2,0;1,0;3,0
Estudiante 235;5,0;3,0;3,0;5,0;2,0
Estudiante 236;2,0;1,0;3,0;1,0;4,0
Estudiante 237;1,0;5,0;4,0;5,0;0,0
Estudiante 238;1,0;1,0;4,0;2,0;3,0
Estudiante 239;3,0;5,0;4,0;4,0;5,0
Estudiante 240;3,0;2,0;1,0;1,0;1,0
Estudiante 241;1,0;0,0;4,0;5,0;0,0
Estudiante 242;2,0;4,0;1,0;3,0;2,0
Estudiante 243;0,0;0,0;0,0;0,0;1,0
Estudiante 244;4,0;3,0;0,0;3,0;0,0
Estudiante 245;3,0;0,0;2,0;4,0;0,0
Estudiante 246;0,0;1,0;2,0;2,0;3,0
Estudiante 247;4,0;3,0;2,0;0,0;3,0
Estudiante 248;1,0;3,0;3,0;1,0;4,0
Estudiante 249;3,0;3,0;2,0;0,0;2,0
Estudiante 250;5,0;3,0;0,0;1,0;4,0
Estudiante 251;5,0;4,0;3,0;1,0;2,0
Estudiante 252;3,0;1,0;4,0;4,0;0,0
Estudiante 253;1,0;0,0;1,0;2,0;2,0
Estudiante 254;5,0;1,0;3,0;1,0;1,0
Estudiante 255;1,0;5,0;0,0;1,0;0,0
Estudiante 256;3,0;4,0;3,0;5,0;2,0
Estudiante 257;0,0;1,0;2,0;4,0;3,0
Estudiante 258;4,0;3,0;2,0;2,0;3,0
Estudiante 259;4,0;2,0;5,0;3,0;3,0
Estudiante 260;2,0;0,0;2,0;4,0;1,0
Estudiante 261;1,0;2,0;3,0;3,0;4,0
Estudiante 262;4,0;4,0;4,0;4,0;3,0
Estudiante 263;0,0;5,0;0,0;0,0;1,0
Estudiante 264;4,0;1,0;1,0;0,0;5,0
Estudiante 265;0,0;4,0;4,0;5,0;0,0
Estudiante 266;3,0;1,0;4,0;4,0;1,0
Estudiante 267;0,0;5,0;3,0;5,0;5,0
Estudiante 268;2,0;2,0;3,0;2,0;1,0
Estudiante 269;2,0;2,0;5,0;0,0;2,0
Estudiante 270;4,0;4,0;2,0;1,0;0,0
Estudiante 271;3,0;5,0;4,0;4,0;2,0
Estudiante 272;5,0;5,0;4,0;3,0;0,0
Estudiante 273;4,0;2,0;1,0;2,0;4,0
Estudiante 274;4,0;1,0;0,0;4,0;1,0
Estudiante 275;2,0;2,0;3,0;0,0;4,0
Estudiante 276;1,0;5,0;5,0;1,0;1,0
Estudiante 277;2,0;3,0;1,0;0,0;4,0
Estudiante 278;2,0;2,0;5,0;4,0;1,0
Estudiante 279;4,0;4,0;3,0;0,0;5,0
Estudiante 280;0,0;2,0;3,0;3,0;2,0
Estudiante 281;0,0;2,0;4,0;0,0;3,0
Estudiante 282;2,0;1,0;0,0;4,0;3,0
Estudiante 283;0,0;0,0;1,0;5,0;0,0
Estudiante 284;3,0;1,0;0,0;0,0;1,0
Estudiante 285;1,0;0,0;3,0;5,0;2,0
Estudiante 286;1,0;1,0;4,0;3,0;0,0
Estudiante 287;1,0;5,0;1,0;3,0;5,0
Estudiante 288;3,0;1,0;4,0;4,0;1,0
Estudiante 289;3,0;2,0;0,0;1,0;4,0
Estudiante 290;5,0;1,0;5,0;4,0;1,0
Estudiante 291;1,0;4,0;2,0;4,0;2,0
Estudiante 292;3,0;1,0;0,0;4,0;3,0
Estudiante 293;2,0;3,0;1,0;1,0;1,0
Estudiante 294;4,0;5,0;4,0;1,0;4,0
Estudiante 295;1,0;0,0;5,0;4,0;4,0
Estudiante 296;5,0;3,0;1,0;2,0;3,0
Estudiante 297;4,0;1,0;5,0;0,0;5,0
Estudiante 298;0,0;4,0;4,0;3,0;3,0
Estudiante 299;3,0;4,0;1,0;0,0;4,0
Estudiante 300;4,0;0,0;0,0;0,0;5,0
Estudiante 301;0,0;2,0;5,0;2,0;2,0
Estudiante 302;3,0;0,0;3,0;3,0;1,0
Estudiante 303;5,0;1,0;0,0;2,0;4,0
Estudiante 304;1,0;4,0;4,0;2,0;5,0
Estudiante 305;5,0;5,0;1,0;3,0;5,0
Estudiante 306;2,0;3,0;2,0;1,0;1,0
Estudiante 307;3,0;1,0;3,0;2,0;5,0
Estudiante 308;4,0;5,0;5,0;3,0;0,0
Estudiante 309;5,0;1,0;4,0;3,0;2,0
Estudiante 310;2,0;1,0;1,0;3,0;1,0
Estudiante 311;0,0;4,0;2,0;1,0;2,0
Estudiante 312;4,0;4,0;4,0;5,0;5,0
Estudiante 313;3,0;2,0;2,0;4,0;4,0
Estudiante 314;5,0;0,0;3,0;2,0;0,0
Estudiante 315;0,0;4,0;4,0;2,0;0,0
Estudiante 316;5,0;5,0;3,0;4,0;0,0
Estudiante 317;2,0;1,0;3,0;5,0;4,0
Estudiante 318;3,0;0,0;4,0;3,0;4,0
Estudiante 319;3,0;2,0;2,0;3,0;3,0
Estudiante 320;1,0;0,0;0,0;1,0;5,0
Estudiante 321;1,0;1,0;4,0;4,0;2,0
Estudiante 322;5,0;1,0;4,0;0,0;4,0
Estudiante 323;3,0;2,0;4,0;3,0;4,0
Estudiante 324;3,0;3,0;4,0;0,0;4,0
Estudiante 325;1,0;4,0;2,0;3,0;2,0
Estudiante 326;1,0;2,0;0,0;5,0;5,0
Estudiante 327;0,0;2,0;1,0;5,0;3,0
Estudiante 328;5,0;0,0;4,0;4,0;2,0
Estudiante 329;2,0;0,0;3,0;3,0;2,0
Estudiante 330;4,0;3,0;0,0;2,0;1,0
Estudiante 331;1,0;4,0;5,0;2,0;2,0
Estudiante 332;0,0;4,0;1,0;2,0;5,0
Estudiante 333;4,0;0,0;4,0;4,0;3,0
Estudiante 334;1,0;0,0;0,0;3,0;5,0
Estudiante 335;0,0;2,0;5,0;0,0;1,0
Estudiante 336;2,0;1,0;4,0;5,0;3,0
Estudiante 337;1,0;1,0;4,0;0,0;5,0
Estudiante 338;1,0;2,0;3,0;3,0;1,0
Estudiante 339;4,0;1,0;3,0;2,0;4,0
Estudiante 340;0,0;2,0;0,0;1,0;0,0
Estudiante 341;5,0;0,0;1,0;2,0;3,0
Estudiante 342;5,0;4,0;4,0;5,0;4,0
Estudiante 343;4,0;4,0;1,0;5,0;4,0
Estudiante 344;3,0;5,0;3,0;2,0;1,0
Estudiante 345;5,0;5,0;2,0;3,0;2,0
Estudiante 346;1,0;2,0;5,0;4,0;4,0
Estudiante 347;1,0;5,0;1,0;4,0;5,0
Estudiante 348;2,0;3,0;1,0;1,0;0,0
Estudiante 349;4,0;5,0;1,0;5,0;3,0
Estudiante 350;5,0;4,0;4,0;2,0;3,0
Estudiante 351;2,0;4,0;1,0;5,0;5,0
Estudiante 352;2,0;1,0;5,0;4,0;1,0
Estudiante 353;2,0;2,0;3,0;5,0;3,0
Estudiante 354;2,0;4,0;4,0;2,0;3,0
Estudiante 355;0,0;3,0;3,0;4,0;2,0
Estudiante 356;2,0;5,0;3,0;3,0;0,0
Estudiante 357;5,0;4,0;2,0;3,0;5,0
Estudiante 358;1,0;1,0;4,0;1,0;5,0
Estudiante 359;4,0;1,0;3,0;1,0;2,0
Estudiante 360;3,0;3,0;3,0;0,0;4,0
Estudiante 361;1,0;0,0;1,0;4,0;0,0
Estudiante 362;5,0;0,0;5,0;1,0;0,0
Estudiante 363;3,0;5,0;0,0;3,0;4,0
Estudiante 364;5,0;5,0;0,0;0,0;5,0
Estudiante 365;3,0;1,0;3,0;0,0;3,0
Estudiante 366;5,0;5,0;5,0;3,0;3,0
Estudiante 367;2,0;3,0;0,0;2,0;4,0
Estudiante 368;2,0;4,0;0,0;0,0;0,0
Estudiante 369;3,0;0,0;2,0;1,0;3,0
Estudiante 370;3,0;2,0;5,0;5,0;3,0
Estudiante 371;1,0;2,0;4,0;3,0;3,0
Estudiante 372;5,0;0,0;0,0;1,0;5,0
Estudiante 373;5,0;2,0;1,0;0,0;1,0
Estudiante 374;5,0;0,0;0,0;2,0;3,0
Estudiante 375;4,0;2,0;5,0;1,0;2,0
Estudiante 376;2,0;4,0;4,0;4,0;5,0
Estudiante 377;3,0;1,0;2,0;0,0;2,0
Estudiante 378;4,0;1,0;2,0;4,0;3,0
Estudiante 379;2,0;4,0;2,0;3,0;3,0
Estudiante 380;3,0;1,0;3,0;1,0;1,0
Estudiante 381;2,0;5,0;1,0;5,0;4,0
Estudiante 382;0,0;5,0;3,0;4,0;2,0
Estudiante 383;3,0;4,0;0,0;5,0;2,0
Estudiante 384;4,0;2,0;4,0;0,0;0,0
Estudiante 385;0,0;5,0;1,0;5,0;5,0
Estudiante 386;0,0;0,0;4,0;1,0;5,0
Estudiante 387;3,0;1,0;2,0;5,0;0,0
Estudiante 388;4,0;2,0;4,0;3,0;1,0
Estudiante 389;0,0;4,0;5,0;3,0;0,0
Estudiante 390;0,0;1,0;2,0;0,0;4,0
Estudiante 391;5,0;1,0;1,0;4,0;0,0
Estudiante 392;5,0;0,0;5,0;2,0;1,0
Estudiante 393;2,0;1,0;3,0;0,0;3,0
Estudiante 394;4,0;1,0;4,0;0,0;4,0
Estudiante 395;4,0;1,0;3,0;5,0;4,0
Estudiante 396;4,0;1,0;0,0;0,0;2,0
Estudiante 397;4,0;4,0;2,0;4,0;5,0
Estudiante 398;4,0;5,0;3,0;5,0;4,0
Estudiante 399;5,0;2,0;2,0;0,0;0,0
Estudiante 400;0,0;2,0;5,0;1,0;1,0
Estudiante 401;5,0;2,0;1,0;3,0;3,0
Estudiante 402;1,0;4,0;1,0;0,0;3,0
Estudiante 403;1,0;4,0;2,0;0,0;0,0
Estudiante 404;5,0;0,0;5,0;5,0;0,0
Estudiante 405;2,0;4,0;5,0;3,0;5,0
Estudiante 406;2,0;1,0;5,0;4,0;1,0
Estudiante 407;3,0;4,0;5,0;5,0;2,0
Estudiante 408;2,0;3,0;3,0;4,0;5,0
Estudiante 409;4,0;2,0;4,0;3,0;4,0
Estudiante 410;1,0;5,0;1,0;1,0;1,0
Estudiante 411;3,0;2,0;0,0;3,0;0,0
Estudiante 412;1,0;3,0;3,0;0,0;3,0
Estudiante 413;2,0;1,0;3,0;2,0;0,0
Estudiante 414;3,0;0,0;3,0;5,0;1,0
Estudiante 415;1,0;3,0;3,0;3,0;5,0
Estudiante 416;5,0;4,0;2,0;5,0;3,0
Estudiante 417;1,0;5,0;3,0;0,0;0,0
Estudiante 418;3,0;2,0;5,0;2,0;3,0
Estudiante 419;4,0;5,0;0,0;5,0;2,0
Estudiante 420;2,0;5,0;0,0;4,0;0,0
Estudiante 421;2,0;0,0;3,0;5,0;2,0
Estudiante 422;1,0;1,0;0,0;4,0;2,0
Estudiante 423;3,0;5,0;0,0;1,0;5,0
Estudiante 424;1,0;4,0;5,0;4,0;1,0
Estudiante 425;0,0;1,0;3,0;3,0;2,0
Estudiante 426;5,0;3,0;0,0;2,0;4,0
Estudiante 427;0,0;5,0;5,0;3,0;1,0
Estudiante 428;2,0;1,0;5,0;3,0;4,0
Estudiante 429;1,0;3,0;0,0;1,0;1,0
Estudiante 430;1,0;3,0;1,0;1,0;3,0
Estudiante 431;0,0;0,0;2,0;4,0;4,0
Estudiante 432;0,0;5,0;1,0;5,0;4,0
Estudiante 433;3,0;4,0;3,0;2,0;1,0
Estudiante 434;1,0;3,0;2,0;5,0;0,0
Estudiante 435;5,0;5,0;2,0;1,0;2,0
Estudiante 436;0,0;5,0;0,0;5,0;0,0
Estudiante 437;3,0;3,0;1,0;3,0;3,0
Estudiante 438;0,0;4,0;4,0;5,0;5,0
Estudiante 439;5,0;2,0;2,0;0,0;0,0
Estudiante 440;2,0;5,0;0,0;0,0;3,0
Estudiante 441;2,0;1,0;1,0;0,0;5,0
Estudiante 442;4,0;2,0;3,0;5,0;3,0
Estudiante 443;4,0;1,0;0,0;5,0;3,0
Estudiante 444;5,0;3,0;3,0;4,0;0,0
Estudiante 445;4,0;0,0;3,0;2,0;0,0
Estudiante 446;3,0;4,0;0,0;5,0;4,0
Estudiante 447;3,0;0,0;2,0;0,0;3,0
Estudiante 448;2,0;4,0;1,0;1,0;0,0
Estudiante 449;2,0;4,0;0,0;0,0;1,0
Estudiante 450;3,0;5,0;5,0;0,0;3,0
Estudiante 451;0,0;3,0;4,0;0,0;0,0
Estudiante 452;3,0;5,0;2,0;5,0;0,0
Estudiante 453;5,0;3,0;0,0;5,0;3,0
Estudiante 454;2,0;2,0;0,0;0,0;1,0
Estudiante 455;3,0;2,0;3,0;3,0;4,0
Estudiante 456;3,0;4,0;4,0;4,0;2,0
Estudiante 457;2,0;1,0;1,0;3,0;4,0
Estudiante 458;1,0;0,0;2,0;1,0;2,0
Estudiante 459;0,0;2,0;1,0;1,0;2,0
Estudiante 460;1,0;5,0;3,0;1,0;5,0
Estudiante 461;3,0;2,0;1,0;2,0;5,0
Estudiante 462;1,0;1,0;1,0;4,0;2,0
Estudiante 463;3,0;2,0;2,0;3,0;4,0
Estudiante 464;3,0;4,0;0,0;5,0;0,0
Estudiante 465;3,0;4,0;1,0;3,0;4,0
Estudiante 466;4,0;5,0;5,0;4,0;2,0
Estudiante 467;2,0;3,0;4,0;2,0;3,0
Estudiante 468;5,0;2,0;0,0;1,0;1,0
Estudiante 469;0,0;2,0;1,0;3,0;4,0
Estudiante 470;4,0;5,0;3,0;0,0;5,0
Estudiante 471;1,0;0,0;3,0;5,0;5,0
Estudiante 472;4,0;4,0;2,0;2,0;1,0
Estudiante 473;3,0;3,0;4,0;2,0;4,0
Estudiante 474;0,0;0,0;1,0;5,0;1,0
Estudiante 475;4,0;4,0;4,0;1,0;5,0
Estudiante 476;4,0;1,0;0,0;3,0;5,0
Estudiante 477;5,0;4,0;5,0;2,0;4,0
Estudiante 478;1,0;0,0;4,0;4,0;3,0
Estudiante 479;1,0;1,0;4,0;1,0;0,0
Estudiante 480;2,0;2,0;0,0;3,0;4,0
Estudiante 481;2,0;2,0;0,0;2,0;0,0
Estudiante 482;2,0;2,0;4,0;5,0;3,0
Estudiante 483;3,0;4,0;2,0;0,0;4,0
Estudiante 484;4,0;2,0;4,0;0,0;5,0
Estudiante 485;0,0;4,0;2,0;2,0;3,0
Estudiante 486;4,0;3,0;5,0;2,0;5,0
Estudiante 487;1,0;4,0;0,0;3,0;2,0
Estudiante 488;2,0;5,0;2,0;0,0;4,0
Estudiante 489;5,0;5,0;4,0;3,0;3,0
Estudiante 490;3,0;2,0;3,0;2,0;0,0
Estudiante 491;1,0;0,0;5,0;3,0;1,0
Estudiante 492;0,0;0,0;0,0;1,0;1,0
Estudiante 493;5,0;2,0;4,0;0,0;1,0
Estudiante 494;5,0;4,0;0,0;1,0;0,0
Estudiante 495;2,0;4,0;3,0;3,0;4,0
Estudiante 496;2,0;3,0;2,0;3,0;4,0
Estudiante 497;2,0;1,0;1,0;0,0;0,0
Estudiante 498;5,0;2,0;3,0;1,0;0,0
Estudiante 499;4,0;2,0;5,0;3,0;4,0
Estudiante 500;0,0;2,0;5,0;2,0;1,0
Estudiante 501;5,0;5,0;1,0;0,0;1,0
Estudiante 502;5,0;2,0;5,0;1,0;2,0
Estudiante 503;0,0;2,0;1,0;0,0;2,0
Estudiante 504;2,0;5,0;2,0;1,0;3,0
Estudiante 505;3,0;2,0;5,0;2,0;4,0
Estudiante 506;3,0;3,0;1,0;2,0;2,0
Estudiante 507;0,0;2,0;2,0;1,0;5,0
Estudiante 508;4,0;3,0;0,0;3,0;2,0
Estudiante 509;0,0;4,0;0,0;4,0;5,0
Estudiante 510;0,0;2,0;0,0;2,0;5,0
Estudiante 511;3,0;4,0;1,0;1,0;0,0
Estudiante 512;1,0;4,0;3,0;1,0;3,0
Estudiante 513;1,0;3,0;5,0;1,0;4,0
Estudiante 514;5,0;1,0;5,0;3,0;4,0
Estudiante 515;0,0;2,0;1,0;2,0;2,0
Estudiante 516;1,0;2,0;2,0;4,0;1,0
Estudiante 517;0,0;0,0;3,0;0,0;1,0
Estudiante 518;2,0;3,0;0,0;3,0;0,0
Estudiante 519;5,0;0,0;2,0;1,0;2,0
Estudiante 520;2,0;4,0;3,0;3,0;0,0
Estudiante 521;0,0;0,0;4,0;5,0;3,0
Estudiante 522;2,0;1,0;5,0;2,0;0,0
Estudiante 523;3,0;5,0;0,0;1,0;5,0
Estudiante 524;1,0;2,0;4,0;5,0;2,0
Estudiante 525;3,0;5,0;3,0;3,0;3,0
Estudiante 526;2,0;1,0;1,0;2,0;2,0
Estudiante 527;3,0;3,0;1,0;2,0;1,0
Estudiante 528;5,0;3,0;1,0;0,0;2,0
Estudiante 529;5,0;2,0;4,0;1,0;3,0
Estudiante 530;4,0;2,0;5,0;3,0;3,0
Estudiante 531;1,0;2,0;2,0;3,0;4,0
Estudiante 532;2,0;0,0;4,0;5,0;5,0
Estudiante 533;0,0;1,0;2,0;1,0;5,0
Estudiante 534;0,0;1,0;2,0;2,0;2,0
Estudiante 535;3,0;1,0;4,0;4,0;5,0
Estudiante 536;1,0;5,0;3,0;4,0;5,0
Estudiante 537;5,0;5,0;4,0;3,0;5,0
Estudiante 538;5,0;1,0;0,0;1,0;2,0
Estudiante 539;5,0;0,0;4,0;5,0;5,0
Estudiante 540;3,0;5,0;0,0;3,0;2,0
Estudiante 541;4,0;2,0;1,0;4,0;4,0
Estudiante 542;4,0;5,0;4,0;1,0;4,0
Estudiante 543;1,0;1,0;2,0;4,0;5,0
Estudiante 544;2,0;3,0;2,0;5,0;4,0
Estudiante 545;0,0;0,0;0,0;1,0;3,0
Estudiante 546;3,0;3,0;3,0;2,0;3,0
Estudiante 547;3,0;5,0;4,0;1,0;3,0
Estudiante 548;2,0;5,0;3,0;3,0;2,0
Estudiante 549;5,0;4,0;0,0;4,0;0,0
Estudiante 550;1,0;3,0;5,0;1,0;0,0
Estudiante 551;1,0;0,0;2,0;1,0;1,0
Estudiante 552;3,0;2,0;2,0;3,0;2,0
Estudiante 553;1,0;4,0;4,0;2,0;2,0
Estudiante 554;1,0;5,0;5,0;3,0;3,0
Estudiante 555;0,0;2,0;4,0;1,0;0,0
Estudiante 556;1,0;2,0;3,0;3,0;4,0
Estudiante 557;2,0;0,0;3,0;1,0;5,0
Estudiante 558;0,0;1,0;5,0;5,0;2,0
Estudiante 559;0,0;5,0;1,0;5,0;5,0
Estudiante 560;3,0;2,0;3,0;2,0;2,0
Estudiante 561;2,0;4,0;1,0;5,0;4,0
Estudiante 562;3,0;2,0;4,0;4,0;4,0
Estudiante 563;2,0;2,0;4,0;2,0;5,0
Estudiante 564;4,0;3,0;5,0;0,0;5,0
Estudiante 565;0,0;2,0;1,0;1,0;1,0
Estudiante 566;2,0;1,0;0,0;1,0;3,0
Estudiante 567;2,0;1,0;0,0;5,0;2,0
Estudiante 568;4,0;1,0;4,0;2,0;1,0
Estudiante 569;5,0;2,0;5,0;1,0;1,0
Estudiante 570;3,0;1,0;3,0;2,0;2,0
Estudiante 571;1,0;1,0;1,0;0,0;3,0
Estudiante 572;3,0;0,0;3,0;1,0;4,0
Estudiante 573;5,0;3,0;2,0;0,0;4,0
Estudiante 574;1,0;1,0;3,0;2,0;2,0
Estudiante 575;2,0;0,0;1,0;5,0;3,0
Estudiante 576;4,0;2,0;1,0;3,0;5,0
Estudiante 577;5,0;4,0;5,0;1,0;5,0
Estudiante 578;3,0;1,0;5,0;2,0;1,0
Estudiante 579;2,0;4,0;5,0;5,0;4,0
Estudiante 580;1,0;2,0;4,0;2,0;4,0
Estudiante 581;2,0;1,0;0,0;5,0;0,0
Estudiante 582;0,0;1,0;1,0;1,0;5,0
Estudiante 583;5,0;5,0;5,0;1,0;5,0
Estudiante 584;0,0;0,0;4,0;0,0;2,0
Estudiante 585;1,0;3,0;2,0;4,0;1,0
Estudiante 586;1,0;2,0;0,0;3,0;3,0
Estudiante 587;4,0;5,0;0,0;4,0;0,0
Estudiante 588;0,0;2,0;2,0;1,0;0,0
Estudiante 589;2,0;2,0;5,0;2,0;5,0
Estudiante 590;1,0;1,0;5,0;2,0;5,0
Estudiante 591;0,0;0,0;4,0;3,0;3,0
Estudiante 592;2,0;2,0;2,0;4,0;3,0
Estudiante 593;1,0;1,0;4,0;4,0;0,0
Estudiante 594;5,0;3,0;1,0;1,0;0,0
Estudiante 595;4,0;0,0;3,0;4,0;3,0
Estudiante 596;1,0;5,0;5,0;3,0;5,0
Estudiante 597;0,0;2,0;1,0;0,0;0,0
Estudiante 598;2,0;2,0;1,0;1,0;5,0
Estudiante 599;1,0;1,0;2,0;2,0;1,0
Estudiante 600;2,0;1,0;2,0;3,0;4,0
Estudiante 601;4,0;5,0;5,0;1,0;5,0
Estudiante 602;2,0;2,0;4,0;4,0;1,0
Estudiante 603;0,0;4,0;4,0;4,0;1,0
Estudiante 604;0,0;5,0;2,0;4,0;3,0
Estudiante 605;4,0;3,0;5,0;0,0;0,0
Estudiante 606;5,0;1,0;0,0;0,0;5,0
Estudiante 607;3,0;0,0;4,0;3,0;2,0
Estudiante 608;4,0;2,0;2,0;0,0;4,0
Estudiante 609;1,0;3,0;3,0;2,0;1,0
Estudiante 610;2,0;5,0;5,0;0,0;1,0
Estudiante 611;1,0;4,0;4,0;0,0;1,0
Estudiante 612;0,0;0,0;4,0;0,0;3,0
Estudiante 613;1,0;0,0;4,0;1,0;5,0
Estudiante 614;3,0;2,0;3,0;3,0;1,0
Estudiante 615;4,0;5,0;1,0;1,0;3,0
Estudiante 616;3,0;1,0;5,0;4,0;2,0
Estudiante 617;3,0;1,0;3,0;0,0;2,0
Estudiante 618;3,0;3,0;4,0;1,0;3,0
Estudiante 619;0,0;3,0;1,0;0,0;4,0
Estudiante 620;5,0;3,0;3,0;4,0;3,0
Estudiante 621;0,0;5,0;0,0;4,0;3,0
Estudiante 622;1,0;2,0;4,0;2,0;0,0
Estudiante 623;3,0;2,0;4,0;2,0;3,0
Estudiante 624;1,0;2,0;2,0;3,0;0,0
Estudiante 625;3,0;1,0;1,0;3,0;1,0
Estudiante 626;0,0;2,0;5,0;3,0;2,0
Estudiante 627;0,0;3,0;1,0;3,0;3,0
Estudiante 628;1,0;1,0;3,0;1,0;1,0
Estudiante 629;2,0;3,0;2,0;0,0;5,0
Estudiante 630;1,0;3,0;4,0;2,0;2,0
Estudiante 631;2,0;4,0;2,0;4,0;1,0
Estudiante 632;5,0;2,0;0,0;3,0;2,0
Estudiante 633;2,0;1,0;1,0;0,0;1,0
Estudiante 634;3,0;5,0;4,0;1,0;1,0
Estudiante 635;0,0;5,0;5,0;5,0;2,0
Estudiante 636;5,0;0,0;4,0;3,0;5,0
Estudiante 637;4,0;3,0;1,0;0,0;0,0
Estudiante 638;3,0;2,0;3,0;3,0;1,0
Estudiante 639;4,0;2,0;4,0;1,0;0,0
Estudiante 640;3,0;3,0;5,0;3,0;4,0
Estudiante 641;1,0;1,0;3,0;0,0;3,0
Estudiante 642;5,0;0,0;5,0;2,0;5,0
Estudiante 643;1,0;3,0;4,0;2,0;5,0
Estudiante 644;1,0;5,0;4,0;2,0;5,0
Estudiante 645;4,0;3,0;5,0;0,0;2,0
Estudiante 646;3,0;5,0;3,0;3,0;4,0
Estudiante 647;3,0;5,0;2,0;0,0;0,0
Estudiante 648;3,0;2,0;2,0;5,0;2,0
Estudiante 649;4,0;3,0;1,0;0,0;2,0
Estudiante 650;1,0;4,0;4,0;1,0;3,0
Estudiante 651;0,0;3,0;3,0;0,0;0,0
Estudiante 652;5,0;2,0;4,0;1,0;0,0
Estudiante 653;1,0;1,0;1,0;3,0;3,0
Estudiante 654;0,0;2,0;1,0;2,0;1,0
Estudiante 655;1,0;4,0;5,0;2,0;2,0
Estudiante 656;5,0;1,0;1,0;2,0;4,0
Estudiante 657;1,0;1,0;0,0;0,0;4,0
Estudiante 658;3,0;1,0;1,0;0,0;3,0
Estudiante 659;3,0;3,0;5,0;4,0;2,0
Estudiante 660;5,0;4,0;1,0;3,0;0,0
Estudiante 661;2,0;1,0;3,0;5,0;5,0
Estudiante 662;3,0;5,0;5,0;0,0;5,0
Estudiante 663;5,0;4,0;3,0;2,0;1,0
Estudiante 664;5,0;0,0;4,0;3,0;1,0
Estudiante 665;5,0;5,0;2,0;0,0;0,0
Estudiante 666;5,0;3,0;2,0;5,0;0,0
Estudiante 667;4,0;3,0;3,0;3,0;2,0
Estudiante 668;4,0;0,0;4,0;1,0;5,0
Estudiante 669;3,0;1,0;0,0;1,0;0,0
Estudiante 670;3,0;4,0;2,0;4,0;1,0
Estudiante 671;0,0;0,0;5,0;0,0;2,0
Estudiante 672;0,0;4,0;0,0;4,0;4,0
Estudiante 673;4,0;5,0;0,0;0,0;2,0
Estudiante 674;1,0;3,0;2,0;0,0;4,0
Estudiante 675;0,0;2,0;3,0;3,0;2,0
Estudiante 676;0,0;0,0;4,0;4,0;3,0
Estudiante 677;1,0;0,0;5,0;5,0;3,0
Estudiante 678;1,0;5,0;2,0;3,0;1,0
Estudiante 679;2,0;3,0;1,0;4,0;5,0
Estudiante 680;3,0;3,0;3,0;1,0;2,0
Estudiante 681;2,0;2,0;3,0;4,0;3,0
Estudiante 682;3,0;3,0;5,0;1,0;1,0
Estudiante 683;0,0;4,0;4,0;5,0;2,0
Estudiante 684;0,0;0,0;2,0;5,0;2,0
Estudiante 685;2,0;1,0;5,0;2,0;1,0
Estudiante 686;2,0;0,0;3,0;5,0;0,0
Estudiante 687;3,0;2,0;3,0;0,0;4,0
Estudiante 688;1,0;5,0;5,0;1,0;1,0
Estudiante 689;5,0;4,0;1,0;1,0;4,0
Estudiante 690;3,0;0,0;1,0;5,0;4,0
